MatchNo,GameNo,RallyNo,StrikeNo,StrikeVideoPosition,ScoreA1,ScoreA2,ScoreB1,ScoreB2,HitPlayer,BallPosition,NextBallPosition,StrikeTech,NextStrikeTech,StrikePosition,NextStrikePosition,GameAction,NextGameAction,StrikeEffect,NextStrikeEffect,SpinKind,NextSpinKind
2008051903,1,1,1,0.000000,0,0,0,0,王皓,2,19,2,3,2,7,2,3,6,9,8,3
2008051903,1,1,2,6.615367,0,0,0,0,格林卡,19,26,3,26,7,14,3,14,9,2,3,12
2008051903,1,2,1,6.615367,0,0,1,0,王皓,2,19,2,13,2,9,2,3,6,5,8,7
2008051903,1,2,2,21.580642,0,0,1,0,格林卡,19,6,13,10,9,6,3,8,5,10,7,4
2008051903,1,2,3,21.891642,0,0,1,0,王皓,6,25,10,25,6,13,8,13,10,1,4,11
2008051903,1,3,1,22.740274,1,0,1,0,格林卡,1,26,1,26,1,14,1,14,9,2,7,12
2008051903,1,4,1,32.160796,1,0,2,0,格林卡,1,14,1,4,1,8,1,4,5,6,7,4
2008051903,1,4,2,37.712805,1,0,2,0,王皓,14,15,4,3,8,7,4,5,6,5,4,3
2008051903,1,4,3,38.178764,1,0,2,0,格林卡,15,16,3,4,7,6,5,6,5,10,3,4
2008051903,1,4,4,38.532410,1,0,2,0,王皓,16,25,4,25,6,13,6,13,10,1,4,11
2008051903,1,5,1,38.532410,2,0,2,0,王皓,2,5,2,13,2,5,2,3,6,5,8,7
2008051903,1,5,2,48.378116,2,0,2,0,格林卡,5,8,13,4,5,6,3,8,5,2,7,4
2008051903,1,5,3,48.803068,2,0,2,0,王皓,8,9,4,26,6,14,8,14,2,9,4,12
2008051903,1,5,4,49.863909,2,0,2,0,格林卡,9,26,26,0,14,0,14,0,9,0,12,0
2008051903,1,6,1,49.863909,2,0,3,0,王皓,2,21,2,3,2,7,2,3,6,3,8,3
2008051903,1,6,2,63.265726,2,0,3,0,格林卡,21,22,3,4,7,10,3,6,3,10,3,4
2008051903,1,6,3,64.890093,2,0,3,0,王皓,22,25,4,25,10,13,6,13,10,1,4,11
2008051903,1,7,1,64.373825,3,0,3,0,格林卡,1,8,1,24,1,6,1,4,5,6,7,8
2008051903,1,7,2,78.966132,3,0,3,0,王皓,8,7,24,3,6,5,4,7,6,3,8,3
2008051903,1,7,3,80.217254,3,0,3,0,格林卡,7,16,3,16,5,8,7,10,3,10,3,4
2008051903,1,7,4,79.916642,3,0,3,0,王皓,16,25,16,25,8,13,10,13,10,1,4,11
2008051903,1,8,1,79.916642,4,0,3,0,格林卡,1,12,1,14,1,6,1,4,5,6,7,8
2008051903,1,8,2,95.710776,4,0,3,0,王皓,12,11,14,13,6,7,4,11,6,5,8,7
2008051903,1,8,3,95.964032,4,0,3,0,格林卡,11,12,13,4,7,6,11,8,5,4,7,8
2008051903,1,8,4,96.565515,4,0,3,0,王皓,12,9,4,26,6,14,8,14,4,9,8,12
2008051903,1,8,5,97.890324,4,0,3,0,格林卡,9,26,26,0,14,0,14,0,9,0,12,0
2008051903,1,9,1,97.890324,4,0,4,0,王皓,2,5,2,13,2,5,2,3,6,5,8,7
2008051903,1,9,2,112.782585,4,0,4,0,格林卡,5,22,13,4,5,8,3,8,5,6,7,4
2008051903,1,9,3,113.470202,4,0,4,0,王皓,22,21,4,15,8,7,8,9,6,5,4,3
2008051903,1,9,4,114.615288,4,0,4,0,格林卡,21,22,15,4,7,8,9,8,5,6,3,4
2008051903,1,9,5,114.328431,4,0,4,0,王皓,22,21,4,3,8,7,8,5,6,1,4,3
2008051903,1,9,6,115.128494,4,0,4,0,格林卡,21,10,3,25,7,13,5,13,1,10,3,11
2008051903,1,9,7,115.629862,4,0,4,0,王皓,10,25,25,0,13,0,13,0,10,0,11,0
2008051903,1,10,1,115.629862,5,0,4,0,王皓,2,5,2,11,2,5,2,3,6,9,8,7
2008051903,1,10,2,130.361701,5,0,4,0,格林卡,5,26,11,26,5,14,3,14,9,2,7,12
2008051903,1,11,1,131.292689,5,0,5,0,格林卡,1,14,1,14,1,10,1,4,5,4,7,8
2008051903,1,11,2,142.451762,5,0,5,0,王皓,14,17,14,26,10,14,4,14,4,9,8,12
2008051903,1,11,3,142.451000,5,0,5,0,格林卡,17,26,26,0,14,0,14,0,9,0,12,0
2008051903,1,12,1,142.451000,5,0,6,0,格林卡,1,14,1,14,1,10,1,4,5,6,7,8
2008051903,1,12,2,156.124157,5,0,6,0,王皓,14,11,14,13,10,9,4,11,6,3,8,7
2008051903,1,12,3,157.161653,5,0,6,0,格林卡,11,12,13,25,9,13,11,13,3,10,7,11
2008051903,1,12,4,167.767372,5,0,6,0,王皓,12,25,25,0,13,0,13,0,10,0,11,0
2008051903,1,13,1,167.767372,6,0,6,0,王皓,2,13,2,3,2,9,2,3,6,5,8,3
2008051903,1,13,2,189.305857,6,0,6,0,格林卡,13,22,3,4,9,8,3,6,5,4,3,4
2008051903,1,13,3,189.124678,6,0,6,0,王皓,22,15,4,15,8,7,6,9,4,9,4,3
2008051903,1,13,4,190.468263,6,0,6,0,格林卡,15,26,15,26,7,14,9,14,9,2,3,12
2008051903,1,14,1,190.468263,6,0,7,0,王皓,2,11,2,13,2,9,2,3,6,5,8,7
2008051903,1,14,2,198.099202,6,0,7,0,格林卡,11,20,13,4,9,8,3,8,5,6,7,4
2008051903,1,14,3,198.540800,6,0,7,0,王皓,20,21,4,3,8,7,8,5,6,5,4,3
2008051903,1,14,4,199.216925,6,0,7,0,格林卡,21,10,3,4,7,6,5,6,5,6,3,4
2008051903,1,14,5,199.715887,6,0,7,0,王皓,10,21,4,15,6,7,6,9,6,5,4,3
2008051903,1,14,6,200.353605,6,0,7,0,格林卡,21,16,15,4,7,10,9,8,5,6,3,4
2008051903,1,14,7,200.477336,6,0,7,0,王皓,16,15,4,3,10,7,8,5,6,5,4,3
2008051903,1,14,8,201.902928,6,0,7,0,格林卡,15,10,3,4,7,6,5,6,5,6,3,4
2008051903,1,14,9,202.063460,6,0,7,0,王皓,10,15,4,3,6,5,6,5,6,3,4,3
2008051903,1,14,10,202.703662,6,0,7,0,格林卡,15,22,3,4,5,10,5,6,3,10,3,4
2008051903,1,14,11,203.780204,6,0,7,0,王皓,22,25,4,25,10,13,6,13,10,1,4,11
2008051903,1,15,1,203.780204,7,0,7,0,格林卡,1,14,1,4,1,10,1,4,1,10,7,4
2008051903,1,15,2,228.537068,7,0,7,0,王皓,14,25,4,25,10,13,4,13,10,1,4,11
2008051903,1,16,1,228.537068,8,0,7,0,格林卡,1,12,1,10,1,6,1,4,5,6,7,4
2008051903,1,16,2,239.746993,8,0,7,0,王皓,12,9,10,3,6,5,4,5,6,5,4,3
2008051903,1,16,3,241.275946,8,0,7,0,格林卡,9,22,3,4,5,8,5,6,5,4,3,4
2008051903,1,16,4,240.166215,8,0,7,0,王皓,22,21,4,23,8,7,6,9,4,9,4,3
2008051903,1,16,5,240.490336,8,0,7,0,格林卡,21,26,23,26,7,14,9,14,9,2,3,12
2008051903,1,17,1,241.371726,8,0,8,0,王皓,2,5,2,9,2,5,2,3,6,5,8,3
2008051903,1,17,2,256.275959,8,0,8,0,格林卡,5,10,9,4,5,6,3,6,5,6,3,4
2008051903,1,17,3,256.420884,8,0,8,0,王皓,10,9,4,15,6,5,6,9,6,5,4,3
2008051903,1,17,4,256.733458,8,0,8,0,格林卡,9,16,15,4,5,6,9,8,5,6,3,4
2008051903,1,17,5,257.480898,8,0,8,0,王皓,16,9,4,15,6,5,8,9,6,9,4,3
2008051903,1,17,6,257.878336,8,0,8,0,格林卡,9,26,15,26,5,14,9,14,9,2,3,12
2008051903,1,18,1,258.411848,8,0,9,0,王皓,2,11,2,9,2,5,2,3,6,5,8,3
2008051903,1,18,2,272.967664,8,0,9,0,格林卡,11,22,9,4,5,8,3,6,5,6,3,4
2008051903,1,18,3,273.461812,8,0,9,0,王皓,22,15,4,15,8,7,6,9,6,9,4,3
2008051903,1,18,4,273.760812,8,0,9,0,格林卡,15,26,15,26,7,14,9,14,9,2,3,12
2008051903,1,19,1,274.215184,8,0,10,0,格林卡,1,22,1,14,1,10,1,4,5,6,7,8
2008051903,1,19,2,293.155014,8,0,10,0,王皓,22,5,14,9,10,5,4,7,6,5,8,3
2008051903,1,19,3,293.599313,8,0,10,0,格林卡,5,10,9,16,5,6,7,10,5,6,3,4
2008051903,1,19,4,294.342667,8,0,10,0,王皓,10,15,16,3,6,7,10,7,6,5,4,3
2008051903,1,19,5,294.485277,8,0,10,0,格林卡,15,10,3,4,7,6,7,6,5,6,3,4
2008051903,1,19,6,295.265642,8,0,10,0,王皓,10,15,4,3,6,5,6,5,6,5,4,3
2008051903,1,19,7,295.574703,8,0,10,0,格林卡,15,16,3,4,5,8,5,6,5,4,3,4
2008051903,1,19,8,296.231494,8,0,10,0,王皓,16,15,4,3,8,7,6,5,4,3,4,3
2008051903,1,19,9,296.814544,8,0,10,0,格林卡,15,10,3,25,7,13,5,13,3,10,3,11
2008051903,1,19,10,299.336778,8,0,10,0,王皓,10,25,25,0,13,0,13,0,10,0,11,0
2008051903,1,20,1,299.336778,9,0,10,0,格林卡,1,22,1,4,1,8,1,4,3,10,7,4
2008051903,1,20,2,317.527741,9,0,10,0,王皓,22,25,4,25,8,13,4,13,10,1,4,11
2008051903,1,21,1,317.527741,10,0,10,0,王皓,2,5,2,11,2,5,2,3,6,3,8,7
2008051903,1,21,2,341.002671,10,0,10,0,格林卡,5,22,11,4,5,8,3,8,3,10,7,4
2008051903,1,21,3,341.002000,10,0,10,0,王皓,22,25,4,25,8,13,8,13,10,1,4,11
2008051903,1,22,1,343.065064,11,0,10,0,格林卡,1,16,1,4,1,8,1,4,5,6,7,4
2008051903,1,22,2,359.610014,11,0,10,0,王皓,16,15,4,15,8,7,4,9,6,5,4,3
2008051903,1,22,3,360.292787,11,0,10,0,格林卡,15,16,15,4,7,10,9,8,5,10,3,4
2008051903,1,22,4,360.725313,11,0,10,0,王皓,16,25,4,25,10,13,8,13,10,1,4,11
2008051903,2,0,0,0.000000,12,0,10,0,,0,0,0,0,0,0,0,0,0,0,0,0
2008051903,2,1,1,362.031390,0,0,0,0,格林卡,1,12,1,10,1,8,1,4,5,10,7,4
2008051903,2,1,2,454.713227,0,0,0,0,王皓,12,25,10,25,8,13,4,13,10,1,4,11
2008051903,2,2,1,454.713227,1,0,0,0,格林卡,1,12,1,10,1,8,1,4,5,6,7,4
2008051903,2,2,2,460.808206,1,0,0,0,王皓,12,15,10,3,8,9,4,5,6,1,4,3
2008051903,2,2,3,461.359801,1,0,0,0,格林卡,15,22,3,25,9,13,5,13,1,10,3,11
2008051903,2,2,4,462.445082,1,0,0,0,王皓,22,25,25,0,13,0,13,0,10,0,11,0
2008051903,2,3,1,462.445082,2,0,0,0,王皓,2,7,2,11,2,5,2,3,6,5,8,7
2008051903,2,3,2,478.799567,2,0,0,0,格林卡,7,22,11,4,5,8,3,8,5,6,7,4
2008051903,2,3,3,479.138411,2,0,0,0,王皓,22,21,4,15,8,7,8,9,6,5,4,3
2008051903,2,3,4,480.054483,2,0,0,0,格林卡,21,16,15,4,7,10,9,8,5,4,3,4
2008051903,2,3,5,480.551946,2,0,0,0,王皓,16,15,4,15,10,7,8,9,4,9,4,3
2008051903,2,3,6,481.409726,2,0,0,0,格林卡,15,26,15,26,7,14,9,14,9,2,3,12
2008051903,2,4,1,482.141483,2,0,1,0,王皓,2,11,2,13,2,9,2,3,6,5,8,3
2008051903,2,4,2,490.258043,2,0,1,0,格林卡,11,12,13,14,9,10,3,12,5,6,3,8
2008051903,2,4,3,491.215118,2,0,1,0,王皓,12,19,14,11,10,7,12,11,6,5,8,7
2008051903,2,4,4,491.523152,2,0,1,0,格林卡,19,16,11,4,7,10,11,8,5,10,7,4
2008051903,2,4,5,491.944086,2,0,1,0,王皓,16,25,4,25,10,13,8,13,10,1,4,11
2008051903,2,5,1,492.976519,3,0,1,0,格林卡,1,20,1,4,1,8,1,4,5,4,7,4
2008051903,2,5,2,510.588934,3,0,1,0,王皓,20,21,4,15,8,7,4,9,4,9,4,3
2008051903,2,5,3,511.004544,3,0,1,0,格林卡,21,26,15,26,7,14,9,14,9,2,3,12
2008051903,2,6,1,511.004544,3,0,2,0,格林卡,1,6,1,10,1,6,1,4,5,10,7,4
2008051903,2,6,2,521.205032,3,0,2,0,王皓,6,25,10,25,6,13,4,13,10,1,4,11
2008051903,2,7,1,524.411764,4,0,2,0,王皓,2,13,2,13,2,5,2,3,6,5,8,7
2008051903,2,7,2,540.793465,4,0,2,0,格林卡,13,18,13,14,5,8,3,12,5,6,7,8
2008051903,2,7,3,541.274750,4,0,2,0,王皓,18,19,14,9,8,7,12,7,6,5,8,3
2008051903,2,7,4,541.715299,4,0,2,0,格林卡,19,10,9,4,7,6,7,6,5,10,3,4
2008051903,2,7,5,542.338837,4,0,2,0,王皓,10,25,4,25,6,13,6,13,10,1,4,11
2008051903,2,8,1,543.121794,5,0,2,0,王皓,2,21,2,13,2,7,2,3,6,5,8,7
2008051903,2,8,2,557.703703,5,0,2,0,格林卡,21,8,13,4,7,6,3,8,5,6,7,4
2008051903,2,8,3,558.201032,5,0,2,0,王皓,8,9,4,15,6,5,8,9,6,5,4,3
2008051903,2,8,4,557.919202,5,0,2,0,格林卡,9,16,15,4,5,10,9,8,5,4,3,4
2008051903,2,8,5,558.410007,5,0,2,0,王皓,16,15,4,15,10,7,8,9,4,9,4,3
2008051903,2,8,6,559.608202,5,0,2,0,格林卡,15,26,15,26,7,14,9,14,9,2,3,12
2008051903,2,9,1,559.760778,5,0,3,0,格林卡,1,14,1,14,1,10,1,4,5,6,7,8
2008051903,2,9,2,582.677118,5,0,3,0,王皓,14,13,14,13,10,5,4,11,6,5,8,7
2008051903,2,9,3,582.497318,5,0,3,0,格林卡,13,20,13,4,5,8,11,8,5,4,7,4
2008051903,2,9,4,583.051732,5,0,3,0,王皓,20,21,4,15,8,7,8,9,4,9,4,3
2008051903,2,9,5,583.368107,5,0,3,0,格林卡,21,26,15,26,7,14,9,14,9,2,3,12
2008051903,2,10,1,583.658837,5,0,4,0,格林卡,1,6,1,14,1,6,1,4,5,6,7,8
2008051903,2,10,2,594.037615,5,0,4,0,王皓,6,11,14,9,6,7,4,7,6,5,8,3
2008051903,2,10,3,594.580678,5,0,4,0,格林卡,11,22,9,4,7,8,7,6,5,10,3,4
2008051903,2,10,4,594.952138,5,0,4,0,王皓,22,25,4,25,8,13,6,13,10,1,4,11
2008051903,2,11,1,595.328739,6,0,4,0,王皓,2,19,2,13,2,9,2,3,6,5,8,7
2008051903,2,11,2,608.270032,6,0,4,0,格林卡,19,12,13,14,9,6,3,12,5,10,7,8
2008051903,2,11,3,608.595617,6,0,4,0,王皓,12,25,14,25,6,13,12,13,10,1,8,11
2008051903,2,12,1,610.358240,7,0,4,0,王皓,2,13,2,9,2,5,2,3,6,5,8,3
2008051903,2,12,2,617.000256,7,0,4,0,格林卡,13,22,9,4,5,8,3,6,5,10,3,4
2008051903,2,12,3,617.301946,7,0,4,0,王皓,22,25,4,25,8,13,6,13,10,1,4,11
2008051903,2,13,1,617.901324,8,0,4,0,格林卡,1,14,1,4,1,8,1,4,5,6,7,4
2008051903,2,13,2,641.978957,8,0,4,0,王皓,14,21,4,3,8,7,4,5,6,5,4,3
2008051903,2,13,3,642.219655,8,0,4,0,格林卡,21,16,3,4,7,10,5,6,5,6,3,4
2008051903,2,13,4,643.302875,8,0,4,0,王皓,16,21,4,3,10,7,6,5,6,5,4,3
2008051903,2,13,5,643.030533,8,0,4,0,格林卡,21,10,3,4,7,6,5,6,5,6,3,4
2008051903,2,13,6,643.402667,8,0,4,0,王皓,10,9,4,3,6,5,6,5,6,9,4,3
2008051903,2,13,7,643.759129,8,0,4,0,格林卡,9,26,3,26,5,14,5,14,9,2,3,12
2008051903,2,14,1,645.370800,8,0,5,0,格林卡,1,20,1,4,1,8,1,4,5,6,7,4
2008051903,2,14,2,660.112141,8,0,5,0,王皓,20,15,4,3,8,7,4,5,6,3,4,3
2008051903,2,14,3,660.812776,8,0,5,0,格林卡,15,22,3,4,7,8,5,6,3,10,3,4
2008051903,2,14,4,660.652581,8,0,5,0,王皓,22,25,4,25,8,13,6,13,10,1,4,11
2008051903,2,15,1,661.628202,9,0,5,0,王皓,2,13,2,13,2,5,2,3,6,5,8,7
2008051903,2,15,2,677.251871,9,0,5,0,格林卡,13,18,13,4,5,8,3,8,5,6,7,4
2008051903,2,15,3,677.814374,9,0,5,0,王皓,18,21,4,15,8,7,8,9,6,5,4,3
2008051903,2,15,4,678.328227,9,0,5,0,格林卡,21,16,15,4,7,10,9,8,5,6,3,4
2008051903,2,15,5,678.735959,9,0,5,0,王皓,16,21,4,15,10,7,8,9,6,5,4,3
2008051903,2,15,6,680.064812,9,0,5,0,格林卡,21,16,15,4,7,10,9,8,5,6,3,4
2008051903,2,15,7,680.064812,9,0,5,0,王皓,16,15,4,3,10,5,8,5,6,5,4,3
2008051903,2,15,8,680.411544,9,0,5,0,格林卡,15,16,3,4,5,6,5,6,5,6,3,4
2008051903,2,15,9,680.898848,9,0,5,0,王皓,16,15,4,3,6,7,6,5,6,5,4,3
2008051903,2,15,10,681.207032,9,0,5,0,格林卡,15,10,3,4,7,6,5,6,5,4,3,4
2008051903,2,15,11,682.149227,9,0,5,0,王皓,10,21,4,3,6,7,6,5,4,9,4,3
2008051903,2,15,12,684.006531,9,0,5,0,格林卡,21,26,3,26,7,14,5,14,9,2,3,12
2008051903,2,16,1,684.006531,9,0,6,0,王皓,2,13,2,9,2,5,2,3,6,5,8,3
2008051903,2,16,2,700.344846,9,0,6,0,格林卡,13,10,9,4,5,6,3,6,5,6,3,4
2008051903,2,16,3,700.738828,9,0,6,0,王皓,10,21,4,15,6,7,6,9,6,9,4,3
2008051903,2,16,4,701.286644,9,0,6,0,格林卡,21,26,15,26,7,14,9,14,9,2,3,12
2008051903,2,17,1,702.176120,9,0,7,0,格林卡,1,18,1,4,1,8,1,4,5,10,7,4
2008051903,2,17,2,720.030825,9,0,7,0,王皓,18,25,4,25,8,13,4,13,10,1,4,11
2008051903,2,18,1,720.398599,10,0,7,0,格林卡,1,12,1,14,1,6,1,4,5,6,7,8
2008051903,2,18,2,731.369131,10,0,7,0,王皓,12,21,14,3,6,7,4,7,6,5,8,3
2008051903,2,18,3,732.167349,10,0,7,0,格林卡,21,22,3,4,7,8,7,6,5,10,3,4
2008051903,2,18,4,732.167349,10,0,7,0,王皓,22,25,4,25,8,13,6,13,10,1,4,11
2008051903,3,0,0,0.000000,11,0,7,0,,0,0,0,0,0,0,0,0,0,0,0,0
2008051903,3,1,1,733.073104,0,0,0,0,王皓,2,11,2,13,2,9,2,3,6,5,8,7
2008051903,3,1,2,817.761685,0,0,0,0,格林卡,11,20,13,4,9,8,3,8,5,2,7,4
2008051903,3,1,3,817.644948,0,0,0,0,王皓,20,21,4,26,8,14,8,14,2,9,4,12
2008051903,3,1,4,818.673299,0,0,0,0,格林卡,21,26,26,0,14,0,14,0,9,0,12,0
2008051903,3,2,1,818.673299,0,0,1,0,王皓,2,13,2,9,2,5,2,3,6,5,8,3
2008051903,3,2,2,826.892556,0,0,1,0,格林卡,13,10,9,4,5,6,3,6,5,6,3,4
2008051903,3,2,3,827.191946,0,0,1,0,王皓,10,9,4,15,6,5,6,9,6,5,4,3
2008051903,3,2,4,827.685166,0,0,1,0,格林卡,9,22,15,4,5,8,9,8,5,6,3,4
2008051903,3,2,5,827.692202,0,0,1,0,王皓,22,21,4,3,8,7,8,5,6,5,4,3
2008051903,3,2,6,828.777329,0,0,1,0,格林卡,21,22,3,4,7,10,5,6,5,10,3,4
2008051903,3,2,7,829.033862,0,0,1,0,王皓,22,25,4,25,10,13,6,13,10,1,4,11
2008051903,3,3,1,829.788855,1,0,1,0,格林卡,1,20,1,4,1,8,1,4,5,6,7,4
2008051903,3,3,2,843.679184,1,0,1,0,王皓,20,21,4,3,8,7,4,5,6,5,4,3
2008051903,3,3,3,844.815556,1,0,1,0,格林卡,21,22,3,4,7,8,5,6,5,6,3,4
2008051903,3,3,4,844.940093,1,0,1,0,王皓,22,21,4,3,8,7,6,5,6,5,4,3
2008051903,3,3,5,845.231202,1,0,1,0,格林卡,21,22,3,4,7,8,5,6,5,10,3,4
2008051903,3,3,6,845.677159,1,0,1,0,王皓,22,25,4,25,8,13,6,13,10,1,4,11
2008051903,3,4,1,846.962361,2,0,1,0,格林卡,1,8,1,14,1,6,1,4,5,6,7,8
2008051903,3,4,2,856.847501,2,0,1,0,王皓,8,11,14,13,6,5,4,11,6,5,8,7
2008051903,3,4,3,857.853996,2,0,1,0,格林卡,11,20,13,4,5,8,11,8,5,6,7,4
2008051903,3,4,4,857.844959,2,0,1,0,王皓,20,21,4,3,8,7,8,5,6,3,4,3
2008051903,3,4,5,858.738837,2,0,1,0,格林卡,21,10,3,4,7,6,5,6,3,10,3,4
2008051903,3,4,6,859.575909,2,0,1,0,王皓,10,25,4,25,6,13,6,13,10,1,4,11
2008051903,3,5,1,859.575909,3,0,1,0,王皓,2,19,2,13,2,9,2,3,6,5,8,7
2008051903,3,5,2,876.005562,3,0,1,0,格林卡,19,14,13,4,9,10,3,8,5,6,7,4
2008051903,3,5,3,876.496946,3,0,1,0,王皓,14,15,4,3,10,7,8,5,6,5,4,3
2008051903,3,5,4,876.788866,3,0,1,0,格林卡,15,10,3,4,7,6,5,6,5,6,3,4
2008051903,3,5,5,877.740483,3,0,1,0,王皓,10,9,4,3,6,5,6,5,6,5,4,3
2008051903,3,5,6,877.677592,3,0,1,0,格林卡,9,22,3,16,5,8,5,10,5,6,3,4
2008051903,3,5,7,878.163159,3,0,1,0,王皓,22,21,16,3,8,9,10,7,6,3,4,3
2008051903,3,5,8,880.106723,3,0,1,0,格林卡,21,22,3,4,9,8,7,6,3,10,3,4
2008051903,3,5,9,879.619177,3,0,1,0,王皓,22,25,4,25,8,13,6,13,10,1,4,11
2008051903,3,6,1,880.654866,4,0,1,0,王皓,2,11,2,11,2,9,2,3,6,5,8,7
2008051903,3,6,2,901.394327,4,0,1,0,格林卡,11,16,11,4,9,6,3,8,5,6,7,8
2008051903,3,6,3,901.163263,4,0,1,0,王皓,16,9,4,3,6,5,8,5,6,9,8,3
2008051903,3,6,4,901.828286,4,0,1,0,格林卡,9,26,3,26,5,14,5,14,9,2,3,12
2008051903,3,7,1,902.389499,4,0,2,0,格林卡,1,14,1,4,1,6,1,4,5,6,7,4
2008051903,3,7,2,929.500447,4,0,2,0,王皓,14,9,4,3,6,5,4,5,6,5,4,3
2008051903,3,7,3,930.040628,4,0,2,0,格林卡,9,16,3,16,5,8,5,10,5,6,3,4
2008051903,3,7,4,931.025837,4,0,2,0,王皓,16,21,16,15,8,7,10,11,6,5,4,3
2008051903,3,7,5,931.471699,4,0,2,0,格林卡,21,22,15,4,7,10,11,8,5,6,3,4
2008051903,3,7,6,932.076152,4,0,2,0,王皓,22,21,4,15,10,7,8,9,6,5,4,3
2008051903,3,7,7,932.688603,4,0,2,0,格林卡,21,22,15,4,7,10,9,8,5,6,3,4
2008051903,3,7,8,932.664129,4,0,2,0,王皓,22,15,4,3,10,5,8,5,6,5,4,3
2008051903,3,7,9,933.408547,4,0,2,0,格林卡,15,16,3,4,5,6,5,6,5,6,3,4
2008051903,3,7,10,934.170240,4,0,2,0,王皓,16,15,4,3,6,7,6,5,6,5,4,3
2008051903,3,7,11,934.821129,4,0,2,0,格林卡,15,22,3,4,7,10,5,6,5,6,3,4
2008051903,3,7,12,935.478873,4,0,2,0,王皓,22,21,4,3,10,7,6,5,6,3,4,3
2008051903,3,7,13,936.501837,4,0,2,0,格林卡,21,16,3,24,7,6,5,10,3,10,3,4
2008051903,3,7,14,937.248250,4,0,2,0,王皓,16,25,24,25,6,13,10,13,10,1,4,11
2008051903,3,8,1,937.998957,5,0,2,0,格林卡,1,14,1,10,1,8,1,4,5,6,7,4
2008051903,3,8,2,960.958077,5,0,2,0,王皓,14,15,10,3,8,9,4,5,6,3,4,3
2008051903,3,8,3,961.488442,5,0,2,0,格林卡,15,10,3,4,9,6,5,6,3,10,3,4
2008051903,3,8,4,961.740689,5,0,2,0,王皓,10,25,4,25,6,13,6,13,10,1,4,11
2008051903,3,9,1,961.740689,6,0,2,0,王皓,2,11,2,13,2,11,2,3,6,5,8,7
2008051903,3,9,2,979.772431,6,0,2,0,格林卡,11,22,13,4,11,8,3,8,5,6,7,4
2008051903,3,9,3,979.498263,6,0,2,0,王皓,22,21,4,15,8,7,8,9,6,5,4,3
2008051903,3,9,4,980.069984,6,0,2,0,格林卡,21,22,15,4,7,10,9,8,5,10,3,4
2008051903,3,9,5,980.238508,6,0,2,0,王皓,22,25,4,25,10,13,8,13,10,1,4,11
2008051903,3,10,1,980.588946,7,0,2,0,王皓,4,11,2,13,4,5,2,3,6,5,4,7
2008051903,3,10,2,998.240914,7,0,2,0,格林卡,11,18,13,4,5,8,3,8,5,6,7,4
2008051903,3,10,3,998.240914,7,0,2,0,王皓,18,15,4,3,8,5,8,5,6,5,4,3
2008051903,3,10,4,999.820599,7,0,2,0,格林卡,15,10,3,16,5,6,5,10,5,10,3,4
2008051903,3,10,5,1000.026535,7,0,2,0,王皓,10,25,16,25,6,13,10,13,10,1,4,11
2008051903,3,11,1,1000.026535,8,0,2,0,格林卡,1,14,1,10,1,8,1,4,5,6,7,4
2008051903,3,11,2,1019.539837,8,0,2,0,王皓,14,21,10,15,8,7,4,9,6,5,4,3
2008051903,3,11,3,1019.539837,8,0,2,0,格林卡,21,22,15,4,7,8,9,8,5,6,3,4
2008051903,3,11,4,1020.144812,8,0,2,0,王皓,22,21,4,3,8,7,8,5,6,5,4,7
2008051903,3,11,5,1020.352152,8,0,2,0,格林卡,21,22,3,6,7,8,5,6,5,4,7,4
2008051903,3,11,6,1020.634154,8,0,2,0,王皓,22,9,6,23,8,5,6,9,4,9,4,3
2008051903,3,11,7,1021.571909,8,0,2,0,格林卡,9,26,23,26,5,14,9,14,9,2,3,12
2008051903,3,12,1,1021.571909,8,0,3,0,格林卡,1,14,1,14,1,6,1,4,5,6,7,8
2008051903,3,12,2,1040.707664,8,0,3,0,王皓,14,11,14,13,6,9,4,11,6,9,8,7
2008051903,3,12,3,1040.953190,8,0,3,0,格林卡,11,26,13,26,9,14,11,14,9,2,7,12
2008051903,3,13,1,1042.256903,8,0,4,0,王皓,4,21,2,3,4,7,2,3,6,5,8,3
2008051903,3,13,2,1059.514129,8,0,4,0,格林卡,21,22,3,4,7,8,3,6,5,6,3,4
2008051903,3,13,3,1060.112941,8,0,4,0,王皓,22,21,4,3,8,7,6,5,6,9,4,3
2008051903,3,13,4,1060.276458,8,0,4,0,格林卡,21,26,3,26,7,14,5,14,9,2,3,12
2008051903,3,14,1,1060.617469,8,0,5,0,王皓,4,11,2,11,4,5,2,3,6,5,8,7
2008051903,3,14,2,1071.548200,8,0,5,0,格林卡,11,22,11,4,5,8,3,8,5,6,7,4
2008051903,3,14,3,1072.685234,8,0,5,0,王皓,22,21,4,15,8,7,8,9,6,5,4,3
2008051903,3,14,4,1073.268447,8,0,5,0,格林卡,21,16,15,4,7,10,9,8,5,6,3,4
2008051903,3,14,5,1073.732574,8,0,5,0,王皓,16,9,4,3,10,5,8,5,6,9,4,3
2008051903,3,14,6,1074.578481,8,0,5,0,格林卡,9,26,3,26,5,14,5,14,9,2,3,12
2008051903,3,15,1,1074.791708,8,0,6,0,格林卡,1,22,1,4,1,8,1,4,5,6,7,4
2008051903,3,15,2,1094.338011,8,0,6,0,王皓,22,21,4,3,8,7,4,5,6,1,4,3
2008051903,3,15,3,1095.208485,8,0,6,0,格林卡,21,16,3,25,7,13,5,13,1,10,3,11
2008051903,3,15,4,1095.661599,8,0,6,0,王皓,16,25,25,0,13,0,13,0,10,0,11,0
2008051903,3,16,1,1095.661599,9,0,6,0,格林卡,1,14,1,10,1,6,1,4,5,6,7,4
2008051903,3,16,2,1112.273585,9,0,6,0,王皓,14,15,10,15,6,7,4,9,6,9,4,3
2008051903,3,16,3,1113.253705,9,0,6,0,格林卡,15,26,15,26,7,14,9,14,9,2,3,12
2008051903,3,17,1,1113.503299,9,0,7,0,王皓,4,11,2,13,4,7,2,3,6,5,8,7
2008051903,3,17,2,1131.381250,9,0,7,0,格林卡,11,12,13,10,7,10,3,8,5,6,7,4
2008051903,3,17,3,1131.381250,9,0,7,0,王皓,12,15,10,3,10,7,8,5,6,5,4,3
2008051903,3,17,4,1132.105585,9,0,7,0,格林卡,15,22,3,4,7,10,5,6,5,6,3,4
2008051903,3,17,5,1132.613238,9,0,7,0,王皓,22,21,4,15,10,7,6,9,6,5,4,3
2008051903,3,17,6,1133.226340,9,0,7,0,格林卡,21,16,15,4,7,6,9,8,5,6,3,4
2008051903,3,17,7,1133.821835,9,0,7,0,王皓,16,15,4,3,6,5,8,5,6,9,4,3
2008051903,3,17,8,1134.979236,9,0,7,0,格林卡,15,26,3,26,5,14,5,14,9,2,3,12
2008051903,3,18,1,1134.960143,9,0,8,0,王皓,4,21,2,3,4,7,2,3,6,5,8,3
2008051903,3,18,2,1210.136231,9,0,8,0,格林卡,21,22,3,4,7,8,3,6,5,10,3,4
2008051903,3,18,3,1210.672517,9,0,8,0,王皓,22,25,4,25,8,13,6,13,10,1,4,11
2008051903,3,19,1,1211.187510,10,0,8,0,格林卡,1,22,1,4,1,8,1,4,5,4,3,4
2008051903,3,19,2,1235.792973,10,0,8,0,王皓,22,21,4,3,8,7,4,5,4,9,4,3
2008051903,3,19,3,1236.251442,10,0,8,0,格林卡,21,26,3,26,7,14,5,14,9,2,3,12
2008051903,3,20,1,1236.960141,10,0,9,0,格林卡,1,14,1,10,1,12,1,4,5,6,7,4
2008051903,3,20,2,1250.491093,10,0,9,0,王皓,14,21,10,15,12,7,4,9,6,9,4,3
2008051903,3,20,3,1251.727737,10,0,9,0,格林卡,21,26,15,26,7,14,9,14,9,2,3,12
2008051903,3,21,1,1251.727737,10,0,10,0,王皓,4,11,2,13,4,5,2,3,6,5,8,3
2008051903,3,21,2,1269.796687,10,0,10,0,格林卡,11,12,13,10,5,6,3,8,5,10,3,4
2008051903,3,21,3,1269.796000,10,0,10,0,王皓,12,25,10,25,6,13,8,13,10,1,4,11
2008051903,3,22,1,1269.796000,11,0,10,0,格林卡,1,8,1,10,1,6,1,4,5,6,7,4
2008051903,3,22,2,1289.531317,11,0,10,0,王皓,8,15,10,3,6,7,4,5,6,5,4,3
2008051903,3,22,3,1290.326905,11,0,10,0,格林卡,15,22,3,16,7,8,5,10,5,6,3,4
2008051903,3,22,4,1291.094025,11,0,10,0,王皓,22,21,16,3,8,7,10,7,6,3,4,3
2008051903,3,22,5,1291.094025,11,0,10,0,格林卡,21,16,3,4,7,6,7,6,3,10,3,4
2008051903,3,22,6,1292.318755,11,0,10,0,王皓,16,25,4,25,6,13,6,13,10,1,4,11
2008051903,4,0,0,0.000000,12,0,10,0,,0,0,0,0,0,0,0,0,0,0,0,0
2008051903,4,1,1,1292.196336,0,0,0,0,格林卡,1,12,1,10,1,8,1,4,5,6,3,4
2008051903,4,1,2,1382.738585,0,0,0,0,王皓,12,15,10,3,8,7,4,5,6,9,4,3
2008051903,4,1,3,1382.908801,0,0,0,0,格林卡,15,26,3,26,7,14,5,14,9,2,3,12
2008051903,4,2,1,1382.908801,0,0,1,0,格林卡,1,12,1,14,1,6,1,4,5,6,7,8
2008051903,4,2,2,1398.931030,0,0,1,0,王皓,12,11,14,13,6,5,4,11,6,5,8,7
2008051903,4,2,3,1399.402240,0,0,1,0,格林卡,11,12,13,14,5,10,11,12,5,6,7,8
2008051903,4,2,4,1399.627025,0,0,1,0,王皓,12,11,14,9,10,7,12,7,6,5,8,3
2008051903,4,2,5,1400.097957,0,0,1,0,格林卡,11,22,9,4,7,8,7,6,5,6,3,4
2008051903,4,2,6,1401.254846,0,0,1,0,王皓,22,15,4,15,8,7,6,9,6,5,4,3
2008051903,4,2,7,1401.798850,0,0,1,0,格林卡,15,22,15,4,7,8,9,8,5,6,3,4
2008051903,4,2,8,1401.798000,0,0,1,0,王皓,22,15,4,15,8,7,8,9,6,5,4,3
2008051903,4,2,9,1403.093064,0,0,1,0,格林卡,15,22,15,4,7,8,9,8,5,6,3,4
2008051903,4,2,10,1402.738973,0,0,1,0,王皓,22,15,4,3,8,5,8,5,6,9,4,3
2008051903,4,2,11,1403.220079,0,0,1,0,格林卡,15,26,3,26,5,14,5,14,9,2,3,12
2008051903,4,3,1,1404.727726,0,0,2,0,王皓,2,13,2,9,2,9,2,3,6,5,8,3
2008051903,4,3,2,1418.071889,0,0,2,0,格林卡,13,22,9,4,9,8,3,6,5,6,3,4
2008051903,4,3,3,1418.885365,0,0,2,0,王皓,22,21,4,15,8,7,6,9,6,5,4,3
2008051903,4,3,4,1419.346905,0,0,2,0,格林卡,21,16,15,4,7,10,9,8,5,6,3,4
2008051903,4,3,5,1419.798569,0,0,2,0,王皓,16,15,4,15,10,5,8,9,6,3,4,3
2008051903,4,3,6,1420.639864,0,0,2,0,格林卡,15,18,15,25,5,13,9,13,3,10,3,11
2008051903,4,3,7,1420.907447,0,0,2,0,王皓,18,25,25,0,13,0,13,0,10,0,11,0
2008051903,4,4,1,1420.907447,1,0,2,0,王皓,2,13,2,13,2,5,2,3,6,9,8,3
2008051903,4,4,2,1429.150596,1,0,2,0,格林卡,13,26,13,26,5,14,3,14,9,2,3,12
2008051903,4,5,1,1429.395322,1,0,3,0,格林卡,1,6,1,10,1,6,1,4,3,10,7,4
2008051903,4,5,2,1429.395000,1,0,3,0,王皓,6,25,10,25,6,13,4,13,10,1,4,11
2008051903,4,6,1,1429.395000,2,0,3,0,格林卡,1,6,1,14,1,6,1,4,5,6,7,8
2008051903,4,6,2,1482.873195,2,0,3,0,王皓,6,13,14,9,6,5,4,7,6,5,8,3
2008051903,4,6,3,1483.275127,2,0,3,0,格林卡,13,22,9,4,5,8,7,6,5,2,3,4
2008051903,4,6,4,1483.559581,2,0,3,0,王皓,22,21,4,26,8,14,6,14,2,9,4,12
2008051903,4,6,5,1484.110093,2,0,3,0,格林卡,21,26,26,0,14,0,14,0,9,0,12,0
2008051903,4,7,1,1484.110093,2,0,4,0,王皓,2,13,2,13,2,9,2,3,6,5,8,7
2008051903,4,7,2,1504.134934,2,0,4,0,格林卡,13,20,13,4,9,8,3,8,5,10,7,4
2008051903,4,7,3,1506.747828,2,0,4,0,王皓,20,25,4,25,8,13,8,13,10,1,4,11
2008051903,4,8,1,1506.747828,3,0,4,0,王皓,2,13,2,3,2,9,2,3,6,5,8,3
2008051903,4,8,2,1519.317014,3,0,4,0,格林卡,13,22,3,4,9,8,3,6,5,6,3,4
2008051903,4,8,3,1520.321136,3,0,4,0,王皓,22,21,4,3,8,9,6,5,6,5,4,3
2008051903,4,8,4,1520.814617,3,0,4,0,格林卡,21,16,3,16,9,8,5,10,5,6,3,4
2008051903,4,8,5,1520.848338,3,0,4,0,王皓,16,9,16,3,8,5,10,7,6,5,4,3
2008051903,4,8,6,1521.830553,3,0,4,0,格林卡,9,22,3,4,5,8,7,6,5,6,3,4
2008051903,4,8,7,1522.561390,3,0,4,0,王皓,22,21,4,15,8,7,6,9,6,9,4,3
2008051903,4,8,8,1523.444297,3,0,4,0,格林卡,21,26,15,26,7,14,9,14,9,2,3,12
2008051903,4,9,1,1524.404234,3,0,5,0,格林卡,1,6,1,14,9,6,1,4,5,6,7,8
2008051903,4,9,2,1546.469249,3,0,5,0,王皓,6,11,14,13,6,5,4,11,6,5,8,3
2008051903,4,9,3,1546.939206,3,0,5,0,格林卡,11,12,13,14,5,6,11,12,5,6,3,8
2008051903,4,9,4,1546.693592,3,0,5,0,王皓,12,11,14,11,6,7,12,11,6,5,8,7
2008051903,4,9,5,1548.091982,3,0,5,0,格林卡,11,10,11,4,7,6,11,8,5,6,7,4
2008051903,4,9,6,1548.536610,3,0,5,0,王皓,10,9,4,15,6,5,8,9,6,5,4,3
2008051903,4,9,7,1549.243860,3,0,5,0,格林卡,9,22,15,4,5,8,9,8,5,6,3,4
2008051903,4,9,8,1549.243860,3,0,5,0,王皓,22,21,4,15,8,7,8,9,6,9,4,3
2008051903,4,9,9,1549.594331,3,0,5,0,格林卡,21,26,15,26,7,14,9,14,9,2,3,12
2008051903,4,10,1,1549.594331,3,0,6,0,格林卡,1,20,1,4,1,8,1,4,5,6,7,4
2008051903,4,10,2,1568.223508,3,0,6,0,王皓,20,21,4,3,8,7,4,5,6,5,4,3
2008051903,4,10,3,1568.615343,3,0,6,0,格林卡,21,16,3,4,7,10,5,6,5,6,3,4
2008051903,4,10,4,1568.995835,3,0,6,0,王皓,16,21,4,15,10,7,6,9,6,5,4,3
2008051903,4,10,5,1569.404023,3,0,6,0,格林卡,21,22,15,4,7,10,9,8,5,6,3,4
2008051903,4,10,6,1569.869417,3,0,6,0,王皓,22,21,4,3,10,7,8,5,6,9,4,3
2008051903,4,10,7,1570.463510,3,0,6,0,格林卡,21,26,3,26,7,14,5,14,9,2,3,12
2008051903,4,11,1,1572.956093,3,0,7,0,王皓,2,19,2,13,2,9,2,3,6,5,8,7
2008051903,4,11,2,1587.326401,3,0,7,0,格林卡,19,6,13,4,9,10,3,8,5,6,7,4
2008051903,4,11,3,1587.326401,3,0,7,0,王皓,6,21,4,3,10,7,8,5,6,5,4,3
2008051903,4,11,4,1588.152805,3,0,7,0,格林卡,21,22,3,16,7,8,5,10,5,6,3,4
2008051903,4,11,5,1588.768125,3,0,7,0,王皓,22,21,16,3,8,7,10,7,6,5,4,3
2008051903,4,11,6,1589.276937,3,0,7,0,格林卡,21,22,3,4,7,10,7,6,5,6,3,4
2008051903,4,11,7,1590.488948,3,0,7,0,王皓,22,15,4,3,10,9,6,5,6,5,4,3
2008051903,4,11,8,1591.085562,3,0,7,0,格林卡,15,10,3,4,9,6,5,6,5,6,3,4
2008051903,4,11,9,1591.092179,3,0,7,0,王皓,10,15,4,15,6,7,6,9,6,5,4,3
2008051903,4,11,10,1592.242268,3,0,7,0,格林卡,15,16,15,18,7,8,9,12,5,6,3,4
2008051903,4,11,11,1592.728469,3,0,7,0,王皓,16,7,18,3,8,5,12,7,6,5,4,3
2008051903,4,11,12,1594.424785,3,0,7,0,格林卡,7,22,3,4,5,8,7,6,5,10,3,4
2008051903,4,11,13,1595.359878,3,0,7,0,王皓,22,25,4,25,8,13,6,13,10,1,4,11
2008051903,4,12,1,1595.795494,4,0,7,0,王皓,2,13,2,9,2,5,2,3,6,9,8,3
2008051903,4,12,2,1613.106236,4,0,7,0,格林卡,13,26,9,26,5,14,3,14,9,2,3,12
2008051903,4,13,1,1613.106236,4,0,8,0,格林卡,1,20,1,4,1,8,1,4,5,6,7,4
2008051903,4,13,2,1639.575324,4,0,8,0,王皓,20,21,4,3,8,7,4,5,6,5,4,3
2008051903,4,13,3,1640.052574,4,0,8,0,格林卡,21,16,3,4,7,6,5,6,5,10,3,4
2008051903,4,13,4,1640.514250,4,0,8,0,王皓,16,25,4,25,6,13,6,13,10,1,4,11
2008051903,4,14,1,1641.005000,5,0,8,0,格林卡,1,6,1,12,1,6,1,4,5,6,7,8
2008051903,4,14,2,1653.327259,5,0,8,0,王皓,6,21,12,3,6,7,4,7,6,5,8,3
2008051903,4,14,3,1653.327259,5,0,8,0,格林卡,21,22,3,4,7,8,7,6,5,6,3,4
2008051903,4,14,4,1653.737975,5,0,8,0,王皓,22,21,4,3,8,7,6,5,6,9,4,3
2008051903,4,14,5,1653.737975,5,0,8,0,格林卡,21,26,3,26,7,14,5,14,9,2,3,12
2008051903,4,15,1,1656.732313,5,0,9,0,王皓,2,13,2,13,2,9,2,3,6,5,8,7
2008051903,4,15,2,1668.050408,5,0,9,0,格林卡,13,20,13,4,9,8,3,8,5,10,7,4
2008051903,4,15,3,1670.753558,5,0,9,0,王皓,20,25,4,25,8,13,8,13,10,1,4,11
2008051903,4,16,1,1670.753558,6,0,9,0,王皓,2,13,2,9,2,9,2,3,6,5,8,3
2008051903,4,16,2,1677.908256,6,0,9,0,格林卡,13,22,9,4,9,8,3,6,5,6,3,4
2008051903,4,16,3,1678.312141,6,0,9,0,王皓,22,21,4,3,8,7,6,5,6,5,4,3
2008051903,4,16,4,1679.013998,6,0,9,0,格林卡,21,22,3,4,7,8,5,6,5,6,3,4
2008051903,4,16,5,1679.013998,6,0,9,0,王皓,22,21,4,3,8,9,6,5,6,9,4,3
2008051903,4,16,6,1679.896229,6,0,9,0,格林卡,21,26,3,26,9,14,5,14,9,2,3,12
2008051903,4,17,1,1682.569873,6,0,10,0,格林卡,1,14,1,12,1,10,1,4,5,6,7,8
2008051903,4,17,2,1696.600211,6,0,10,0,王皓,14,21,12,3,10,7,4,7,6,5,8,3
2008051903,4,17,3,1696.252166,6,0,10,0,格林卡,21,16,3,4,7,10,7,6,5,10,3,4
2008051903,4,17,4,1697.549846,6,0,10,0,王皓,16,25,4,25,10,13,6,13,10,1,4,11
2008051903,4,18,1,1697.549846,7,0,10,0,格林卡,1,6,1,14,1,6,1,4,5,6,7,8
2008051903,4,18,2,1707.305862,7,0,10,0,王皓,6,5,14,9,6,5,4,7,6,1,8,3
2008051903,4,18,3,1710.239748,7,0,10,0,格林卡,5,10,9,25,5,13,7,13,1,10,3,11
2008051903,4,18,4,1710.239748,7,0,10,0,王皓,10,25,25,0,13,0,13,0,10,0,11,0
2008051903,4,19,1,1710.239748,8,0,10,0,王皓,2,13,2,9,2,7,2,3,6,5,4,3
2008051903,4,19,2,1734.710912,8,0,10,0,格林卡,13,22,9,4,7,8,3,6,5,6,3,4
2008051903,4,19,3,1735.165587,8,0,10,0,王皓,22,15,4,15,8,7,6,9,6,5,4,3
2008051903,4,19,4,1735.008617,8,0,10,0,格林卡,15,16,15,4,7,10,9,8,5,6,3,4
2008051903,4,19,5,1735.495744,8,0,10,0,王皓,16,21,4,5,10,7,8,5,6,1,4,3
2008051903,4,19,6,1736.198066,8,0,10,0,格林卡,21,10,5,25,7,13,5,13,1,10,3,11
2008051903,4,19,7,1737.151751,8,0,10,0,王皓,10,25,25,0,13,0,13,0,10,0,11,0
2008051903,4,20,1,1737.151751,9,0,10,0,王皓,2,13,2,3,2,5,2,3,6,5,8,3
2008051903,4,20,2,1815.933538,9,0,10,0,格林卡,13,10,3,16,5,6,3,10,5,10,3,4
2008051903,4,20,3,1815.933538,9,0,10,0,王皓,10,25,16,25,6,13,10,13,10,1,4,11
2008051903,4,21,1,1816.849154,10,0,10,0,格林卡,1,6,1,10,1,6,1,4,5,4,7,4
2008051903,4,21,2,1841.340474,10,0,10,0,王皓,6,9,10,15,6,5,4,9,4,9,4,3
2008051903,4,21,3,1841.968064,10,0,10,0,格林卡,9,26,15,26,5,14,9,14,9,2,3,12
2008051903,4,22,1,1841.968064,10,0,11,0,王皓,2,7,2,13,2,5,2,3,6,5,8,7
2008051903,4,22,2,1860.309866,10,0,11,0,格林卡,7,6,13,8,5,6,3,8,5,4,7,4
2008051903,4,22,3,1860.309866,10,0,11,0,王皓,6,9,8,15,6,11,8,9,4,9,4,3
2008051903,4,22,4,1861.108129,10,0,11,0,格林卡,9,26,15,26,11,14,9,14,9,2,3,12
2008051903,5,0,0,0.000000,10,0,12,0,,0,0,0,0,0,0,0,0,0,0,0,0
2008051903,5,1,1,1861.108129,0,0,0,0,王皓,2,5,2,13,2,5,2,3,6,5,8,7
2008051903,5,1,2,1937.849592,0,0,0,0,格林卡,5,14,13,4,5,10,3,8,5,4,7,4
2008051903,5,1,3,1939.076517,0,0,0,0,王皓,14,15,4,15,10,5,8,9,4,9,4,3
2008051903,5,1,4,1940.083388,0,0,0,0,格林卡,15,26,15,26,5,14,9,14,9,2,3,12
2008051903,5,2,1,1940.083388,0,0,1,0,王皓,2,11,2,11,2,5,2,3,6,5,8,7
2008051903,5,2,2,1959.768603,0,0,1,0,格林卡,11,22,11,4,5,8,3,8,5,6,7,4
2008051903,5,2,3,1959.768603,0,0,1,0,王皓,22,21,4,15,8,7,8,9,6,5,4,3
2008051903,5,2,4,1960.208293,0,0,1,0,格林卡,21,22,15,4,7,8,9,8,5,6,3,4
2008051903,5,2,5,1960.566041,0,0,1,0,王皓,22,21,4,15,8,7,8,9,6,0,4,3
2008051903,5,2,6,1961.655211,0,0,1,0,格林卡,21,22,15,4,7,10,9,8,0,6,3,4
2008051903,5,2,7,1961.655211,0,0,1,0,王皓,22,21,4,3,10,7,8,5,6,3,4,3
2008051903,5,2,8,1963.457873,0,0,1,0,格林卡,21,10,3,24,7,6,5,10,3,10,3,4
2008051903,5,2,9,1963.210957,0,0,1,0,王皓,10,25,24,25,6,13,10,13,10,1,4,11
2008051903,5,3,1,1963.210957,1,0,1,0,格林卡,1,8,1,10,1,12,1,4,5,6,7,4
2008051903,5,3,2,1979.470744,1,0,1,0,王皓,8,21,10,3,12,7,4,5,6,5,4,3
2008051903,5,3,3,1980.184714,1,0,1,0,格林卡,21,22,3,4,7,8,5,6,5,6,3,4
2008051903,5,3,4,1980.637744,1,0,1,0,王皓,22,21,4,3,8,7,6,5,6,9,4,3
2008051903,5,3,5,1980.637744,1,0,1,0,格林卡,21,26,3,26,7,14,5,14,9,2,3,12
2008051903,5,4,1,1980.985678,1,0,2,0,格林卡,1,6,1,14,1,6,1,4,5,6,7,8
2008051903,5,4,2,1990.360565,1,0,2,0,王皓,6,11,14,3,6,7,4,7,6,9,8,3
2008051903,5,4,3,1990.213057,1,0,2,0,格林卡,11,26,3,26,7,14,7,14,9,2,3,12
2008051903,5,5,1,1994.747429,1,0,3,0,王皓,2,11,2,11,2,5,2,3,6,5,8,7
2008051903,5,5,2,2003.661585,1,0,3,0,格林卡,11,22,11,4,5,8,3,8,5,6,7,4
2008051903,5,5,3,2005.131336,1,0,3,0,王皓,22,21,4,15,8,7,8,9,6,5,4,3
2008051903,5,5,4,2005.564778,1,0,3,0,格林卡,21,22,15,4,7,8,9,8,5,6,3,4
2008051903,5,5,5,2005.564778,1,0,3,0,王皓,22,21,4,15,8,7,8,9,6,9,4,3
2008051903,5,5,6,2005.855873,1,0,3,0,格林卡,21,26,15,26,7,14,9,14,9,2,3,12
2008051903,5,6,1,2006.711397,1,0,4,0,王皓,2,11,2,9,2,11,2,3,6,5,8,3
2008051903,5,6,2,2021.686098,1,0,4,0,格林卡,11,10,9,4,11,6,3,6,5,6,3,4
2008051903,5,6,3,2022.426669,1,0,4,0,王皓,10,15,4,15,6,7,6,9,6,5,4,3
2008051903,5,6,4,2022.426669,1,0,4,0,格林卡,15,16,15,4,7,8,9,8,5,10,3,4
2008051903,5,6,5,2022.898769,1,0,4,0,王皓,16,25,4,25,8,13,8,13,10,1,4,11
2008051903,5,7,1,2023.658068,2,0,4,0,格林卡,1,14,1,14,1,6,1,4,5,6,7,8
2008051903,5,7,2,2047.261730,2,0,4,0,王皓,14,11,14,3,6,7,4,7,6,5,8,3
2008051903,5,7,3,2047.586494,2,0,4,0,格林卡,11,22,3,4,7,8,7,6,5,6,3,4
2008051903,5,7,4,2048.203318,2,0,4,0,王皓,22,21,4,3,8,7,6,5,6,9,4,3
2008051903,5,7,5,2048.017043,2,0,4,0,格林卡,21,26,3,26,7,14,5,14,9,2,3,12
2008051903,5,8,1,2048.711671,2,0,5,0,格林卡,1,14,1,10,1,8,1,4,5,6,7,4
2008051903,5,8,2,2065.465705,2,0,5,0,王皓,14,21,10,15,8,7,4,9,6,3,4,3
2008051903,5,8,3,2065.828748,2,0,5,0,格林卡,21,18,15,24,7,8,9,12,3,6,3,4
2008051903,5,8,4,2067.034284,2,0,5,0,王皓,18,7,24,3,8,5,12,7,6,5,4,3
2008051903,5,8,5,2067.415338,2,0,5,0,格林卡,7,22,3,4,5,8,7,6,5,6,3,4
2008051903,5,8,6,2068.868322,2,0,5,0,王皓,22,15,4,15,8,7,6,9,6,9,4,3
2008051903,5,8,7,2068.868322,2,0,5,0,格林卡,15,26,15,26,7,14,9,14,9,2,3,12
2008051903,5,9,1,2069.743764,2,0,6,0,王皓,2,11,2,11,2,5,2,3,6,5,8,3
2008051903,5,9,2,2085.184322,2,0,6,0,格林卡,11,18,11,14,5,8,3,12,5,6,3,8
2008051903,5,9,3,2084.596479,2,0,6,0,王皓,18,5,14,3,8,5,12,7,6,3,8,3
2008051903,5,9,4,2085.329240,2,0,6,0,格林卡,5,10,3,16,5,6,7,10,3,10,3,4
2008051903,5,9,5,2086.904154,2,0,6,0,王皓,10,25,16,25,6,13,10,13,10,1,4,11
2008051903,5,10,1,2086.904154,3,0,6,0,王皓,2,17,2,11,2,9,2,3,6,5,8,3
2008051903,5,10,2,2100.110279,3,0,6,0,格林卡,17,10,11,4,9,6,3,8,5,6,3,4
2008051903,5,10,3,2100.705878,3,0,6,0,王皓,10,21,4,3,6,7,8,5,6,9,4,3
2008051903,5,10,4,2101.136238,3,0,6,0,格林卡,21,26,3,26,7,14,5,14,9,2,3,12
2008051903,5,11,1,2101.362739,3,0,7,0,格林卡,1,20,1,4,1,8,1,4,5,6,7,4
2008051903,5,11,2,2119.210524,3,0,7,0,王皓,20,21,4,15,8,7,4,9,6,5,4,3
2008051903,5,11,3,2119.535188,3,0,7,0,格林卡,21,22,15,4,7,8,9,8,5,6,3,4
2008051903,5,11,4,2119.883229,3,0,7,0,王皓,22,21,4,15,8,7,8,9,6,5,4,3
2008051903,5,11,5,2119.883229,3,0,7,0,格林卡,21,22,15,4,7,8,9,8,5,6,3,4
2008051903,5,11,6,2120.754959,3,0,7,0,王皓,22,21,4,15,8,7,8,9,6,9,4,3
2008051903,5,11,7,2120.754959,3,0,7,0,格林卡,21,26,15,26,7,14,9,14,9,2,3,12
2008051903,5,12,1,2121.258714,3,0,8,0,格林卡,1,22,1,4,1,8,1,4,5,6,7,4
2008051903,5,12,2,2131.085377,3,0,8,0,王皓,22,21,4,3,8,7,4,5,6,9,4,3
2008051903,5,12,3,2131.085377,3,0,8,0,格林卡,21,26,3,26,7,14,5,14,9,2,3,12
2008051903,5,13,1,2131.505333,3,0,9,0,王皓,2,11,2,13,2,9,2,3,6,5,8,3
2008051903,5,13,2,2151.135606,3,0,9,0,格林卡,11,8,13,4,9,6,3,8,5,4,3,4
2008051903,5,13,3,2151.686562,3,0,9,0,王皓,8,9,4,26,6,14,8,14,4,9,4,12
2008051903,5,13,4,2152.465927,3,0,9,0,格林卡,9,26,26,0,14,0,14,0,9,0,12,0
2008051903,5,14,1,2152.465927,3,0,10,0,王皓,2,17,2,9,2,7,2,3,6,9,8,3
2008051903,5,14,2,2167.056109,3,0,10,0,格林卡,17,26,9,26,7,14,3,14,9,2,3,12
2008051903,6,0,0,0.000000,3,0,11,0,,0,0,0,0,0,0,0,0,0,0,0,0
2008051903,6,1,1,2167.662102,0,0,0,0,格林卡,1,12,1,10,1,12,1,4,5,6,7,4
2008051903,6,1,2,2259.941000,0,0,0,0,王皓,12,21,10,3,12,7,4,5,6,5,4,3
2008051903,6,1,3,2259.937519,0,0,0,0,格林卡,21,22,3,16,7,8,5,10,5,6,3,4
2008051903,6,1,4,2260.654433,0,0,0,0,王皓,22,21,16,3,8,7,10,7,6,9,4,3
2008051903,6,1,5,2260.592692,0,0,0,0,格林卡,21,26,3,26,7,14,7,14,9,2,3,12
2008051903,6,2,1,2260.905354,0,0,1,0,格林卡,1,20,1,25,1,13,1,13,5,10,7,11
2008051903,6,2,2,2279.312739,0,0,1,0,王皓,20,25,25,0,13,0,13,0,10,0,11,0
2008051903,6,3,1,2279.312739,1,0,1,0,王皓,2,13,2,9,2,11,2,3,6,5,8,3
2008051903,6,3,2,2289.103508,1,0,1,0,格林卡,13,22,9,4,11,8,3,6,5,6,3,4
2008051903,6,3,3,2289.579166,1,0,1,0,王皓,22,21,4,15,8,7,6,9,6,5,4,3
2008051903,6,3,4,2289.997574,1,0,1,0,格林卡,21,22,15,4,7,10,9,8,5,4,3,4
2008051903,6,3,5,2290.583141,1,0,1,0,王皓,22,21,4,15,10,7,8,9,4,9,4,3
2008051903,6,3,6,2291.247206,1,0,1,0,格林卡,21,26,15,26,7,14,9,14,9,2,3,12
2008051903,6,4,1,2291.247206,1,0,2,0,王皓,2,13,2,13,2,11,2,3,6,5,8,7
2008051903,6,4,2,2300.059154,1,0,2,0,格林卡,13,6,13,14,11,6,3,12,5,6,7,8
2008051903,6,4,3,2300.059154,1,0,2,0,王皓,6,13,14,9,6,11,12,7,6,5,8,3
2008051903,6,4,4,2300.296374,1,0,2,0,格林卡,13,22,9,4,11,8,7,6,5,6,3,4
2008051903,6,4,5,2300.842476,1,0,2,0,王皓,22,21,4,15,8,7,6,9,6,5,4,3
2008051903,6,4,6,2301.357896,1,0,2,0,格林卡,21,16,15,4,7,10,9,8,5,2,3,4
2008051903,6,4,7,2301.725572,1,0,2,0,王皓,16,21,4,26,10,14,8,14,2,9,4,12
2008051903,6,4,8,2302.899995,1,0,2,0,格林卡,21,26,26,0,14,0,14,0,9,0,12,0
2008051903,6,5,1,2302.899995,1,0,3,0,格林卡,1,26,1,26,1,14,1,14,9,2,7,12
2008051903,6,6,1,2318.361347,1,0,4,0,格林卡,1,6,1,14,1,6,1,4,5,6,7,8
2008051903,6,6,2,2326.240016,1,0,4,0,王皓,6,13,14,3,6,7,4,7,6,5,8,3
2008051903,6,6,3,2326.724485,1,0,4,0,格林卡,13,22,3,4,7,8,7,6,5,6,3,4
2008051903,6,6,4,2326.724485,1,0,4,0,王皓,22,21,4,15,8,7,6,9,6,5,4,3
2008051903,6,6,5,2327.864993,1,0,4,0,格林卡,21,16,15,4,7,8,9,8,5,6,3,4
2008051903,6,6,6,2327.935000,1,0,4,0,王皓,16,21,4,3,8,7,8,5,6,9,4,3
2008051903,6,6,7,2328.395225,1,0,4,0,格林卡,21,26,3,26,7,14,5,14,9,2,3,12
2008051903,6,7,1,2330.355354,1,0,5,0,王皓,2,7,2,11,2,5,2,3,6,5,8,7
2008051903,6,7,2,2351.291129,1,0,5,0,格林卡,7,22,11,4,5,8,3,8,5,6,7,4
2008051903,6,7,3,2352.240567,1,0,5,0,王皓,22,21,4,15,8,7,8,9,6,9,4,3
2008051903,6,7,4,2352.725023,1,0,5,0,格林卡,21,26,15,26,7,14,9,14,9,2,3,12
2008051903,6,8,1,2352.725023,1,0,6,0,王皓,2,19,2,11,2,7,2,3,6,5,8,3
2008051903,6,8,2,2368.969522,1,0,6,0,格林卡,19,22,11,4,7,8,3,8,5,6,3,4
2008051903,6,8,3,2369.322930,1,0,6,0,王皓,22,21,4,3,8,7,8,5,6,9,4,3
2008051903,6,8,4,2370.341685,1,0,6,0,格林卡,21,26,3,26,7,14,5,14,9,2,3,12
2008051903,6,9,1,2370.341685,1,0,7,0,格林卡,1,12,1,14,1,6,1,4,5,6,7,8
2008051903,6,9,2,2383.600347,1,0,7,0,王皓,12,5,14,9,6,5,4,7,6,9,8,3
2008051903,6,9,3,2384.305791,1,0,7,0,格林卡,5,26,9,26,5,14,7,14,9,2,3,12
2008051903,6,10,1,2384.305791,1,0,8,0,格林卡,1,14,1,10,1,8,1,4,5,6,7,4
2008051903,6,10,2,2392.443497,1,0,8,0,王皓,14,15,10,5,8,7,4,5,6,1,4,3
2008051903,6,10,3,2392.881027,1,0,8,0,格林卡,15,10,5,25,7,13,5,13,1,10,3,11
2008051903,6,10,4,2395.511689,1,0,8,0,王皓,10,25,25,0,13,0,13,0,10,0,11,0
2008051903,6,11,1,2395.511689,2,0,8,0,王皓,2,19,2,13,2,7,2,3,6,5,8,3
2008051903,6,11,2,2409.826213,2,0,8,0,格林卡,19,14,13,4,7,10,3,8,5,4,3,4
2008051903,6,11,3,2411.255320,2,0,8,0,王皓,14,9,4,15,10,5,8,9,4,9,4,3
2008051903,6,11,4,2411.255320,2,0,8,0,格林卡,9,26,15,26,5,14,9,14,9,2,3,12
2008051903,6,12,1,2412.121791,2,0,9,0,王皓,2,21,2,11,2,7,2,3,6,5,8,3
2008051903,6,12,2,2419.852764,2,0,9,0,格林卡,21,22,11,4,7,8,3,8,5,6,3,4
2008051903,6,12,3,2419.852764,2,0,9,0,王皓,22,21,4,15,8,7,8,9,6,5,4,3
2008051903,6,12,4,2421.116227,2,0,9,0,格林卡,21,10,15,4,7,6,9,8,5,4,3,4
2008051903,6,12,5,2421.116227,2,0,9,0,王皓,10,9,4,3,6,5,8,5,4,9,4,3
2008051903,6,12,6,2421.740145,2,0,9,0,格林卡,9,26,3,26,5,14,5,14,9,2,3,12
2008051903,6,13,1,2421.740145,2,0,10,0,格林卡,1,14,1,10,1,8,1,4,5,6,7,4
2008051903,6,13,2,2435.707921,2,0,10,0,王皓,14,21,10,15,8,7,4,9,6,9,4,3
2008051903,6,13,3,2436.629810,2,0,10,0,格林卡,21,26,15,26,7,14,9,14,9,2,3,12
2008051903,7,0,0,0.000000,2,0,11,0,,0,0,0,0,0,0,0,0,0,0,0,0
2008051903,7,1,1,2437.264243,0,0,0,0,王皓,2,5,2,9,2,5,2,3,6,5,8,3
2008051903,7,1,2,2520.936776,0,0,0,0,格林卡,5,22,9,4,5,8,3,6,5,6,3,4
2008051903,7,1,3,2521.408392,0,0,0,0,王皓,22,15,4,15,8,7,6,9,6,9,4,3
2008051903,7,1,4,2521.991343,0,0,0,0,格林卡,15,26,15,26,7,14,9,14,9,2,3,12
2008051903,7,2,1,2521.828678,0,0,1,0,王皓,2,11,2,13,2,5,2,3,6,5,8,7
2008051903,7,2,2,2530.715041,0,0,1,0,格林卡,11,6,13,14,5,6,3,12,5,6,7,4
2008051903,7,2,3,2531.778943,0,0,1,0,王皓,6,11,14,13,6,5,12,11,6,9,4,3
2008051903,7,2,4,2532.362558,0,0,1,0,格林卡,11,26,13,26,5,14,11,14,9,2,3,12
2008051903,7,3,1,2532.665544,0,0,2,0,格林卡,1,22,1,16,1,8,1,4,5,6,7,4
2008051903,7,3,2,2544.986664,0,0,2,0,王皓,22,15,16,3,8,7,4,7,6,5,4,3
2008051903,7,3,3,2545.390902,0,0,2,0,格林卡,15,22,3,4,7,8,7,6,5,6,3,4
2008051903,7,3,4,2545.962728,0,0,2,0,王皓,22,21,4,3,8,7,6,5,6,9,4,3
2008051903,7,3,5,2545.914959,0,0,2,0,格林卡,21,26,3,26,7,14,5,14,9,2,3,12
2008051903,7,4,1,2546.996517,0,0,3,0,格林卡,1,14,1,10,9,12,1,4,5,6,3,4
2008051903,7,4,2,2546.996000,0,0,3,0,王皓,14,21,10,3,12,7,4,5,6,5,4,3
2008051903,7,4,3,2546.996000,0,0,3,0,格林卡,21,22,3,4,7,8,5,6,5,10,3,4
2008051903,7,4,4,2559.033254,0,0,3,0,王皓,22,25,4,25,8,13,6,13,10,1,4,11
2008051903,7,5,1,2559.941569,1,0,3,0,王皓,2,5,2,9,2,5,2,3,6,9,8,3
2008051903,7,5,2,2575.985549,1,0,3,0,格林卡,5,26,9,26,5,14,3,14,9,2,3,12
2008051903,7,6,1,2575.985549,1,0,4,0,王皓,2,11,2,9,2,11,2,3,6,5,8,3
2008051903,7,6,2,2592.507193,1,0,4,0,格林卡,11,22,9,4,11,8,3,6,5,6,3,4
2008051903,7,6,3,2592.944016,1,0,4,0,王皓,22,21,4,15,8,7,6,9,6,5,4,3
2008051903,7,6,4,2592.944016,1,0,4,0,格林卡,21,16,15,4,7,10,9,8,5,6,3,4
2008051903,7,6,5,2593.290290,1,0,4,0,王皓,16,21,4,3,10,7,8,5,6,0,4,3
2008051903,7,6,6,2593.864648,1,0,4,0,格林卡,21,22,3,4,7,8,5,6,0,10,3,4
2008051903,7,6,7,2594.311898,1,0,4,0,王皓,22,25,4,25,8,13,6,13,10,1,4,11
2008051903,7,7,1,2594.879225,2,0,4,0,格林卡,1,6,1,10,1,12,1,4,5,6,7,4
2008051903,7,7,2,2612.515980,2,0,4,0,王皓,6,21,10,3,12,7,4,5,6,5,4,3
2008051903,7,7,3,2613.205630,2,0,4,0,格林卡,21,22,3,4,7,8,5,6,5,6,3,4
2008051903,7,7,4,2613.205630,2,0,4,0,王皓,22,21,4,3,8,7,6,5,6,9,4,3
2008051903,7,7,5,2613.612721,2,0,4,0,格林卡,21,26,3,26,7,14,5,14,9,2,3,12
2008051903,7,8,1,2614.144603,2,0,5,0,格林卡,1,12,1,14,1,10,1,4,5,6,7,4
2008051903,7,8,2,2643.945517,2,0,5,0,王皓,12,13,14,3,10,11,4,7,6,5,4,3
2008051903,7,8,3,2644.476519,2,0,5,0,格林卡,13,16,3,4,11,10,7,6,5,6,3,4
2008051903,7,8,4,2644.883134,2,0,5,0,王皓,16,15,4,15,10,7,6,9,6,5,4,3
2008051903,7,8,5,2646.031331,2,0,5,0,格林卡,15,22,15,4,7,8,9,8,5,6,3,4
2008051903,7,8,6,2646.031331,2,0,5,0,王皓,22,21,4,15,8,7,8,9,6,5,4,3
2008051903,7,8,7,2646.628737,2,0,5,0,格林卡,21,22,15,4,7,8,9,8,5,6,3,4
2008051903,7,8,8,2646.961594,2,0,5,0,王皓,22,21,4,15,8,7,8,9,6,9,4,3
2008051903,7,8,9,2646.961594,2,0,5,0,格林卡,21,26,15,26,7,14,9,14,9,2,3,12
2008051903,7,9,1,2647.451036,2,0,6,0,王皓,2,13,2,9,2,11,2,3,6,5,8,3
2008051903,7,9,2,2665.643780,2,0,6,0,格林卡,13,22,9,4,11,8,3,6,5,6,3,4
2008051903,7,9,3,2666.079370,2,0,6,0,王皓,22,21,4,15,8,7,6,9,6,5,4,3
2008051903,7,9,4,2666.523633,2,0,6,0,格林卡,21,22,15,4,7,8,9,8,5,6,3,4
2008051903,7,9,5,2666.866540,2,0,6,0,王皓,22,21,4,3,8,7,8,5,6,5,4,3
2008051903,7,9,6,2667.120411,2,0,6,0,格林卡,21,22,3,4,7,8,5,6,5,6,3,4
2008051903,7,9,7,2667.281651,2,0,6,0,王皓,22,15,4,3,8,9,6,5,6,3,4,3
2008051903,7,9,8,2667.638984,2,0,6,0,格林卡,15,22,3,16,9,8,5,10,3,10,3,4
2008051903,7,9,9,2668.600728,2,0,6,0,王皓,22,25,16,25,8,13,10,13,10,1,4,11
2008051903,7,10,1,2668.600728,3,0,6,0,王皓,2,19,2,13,2,7,2,3,6,5,8,7
2008051903,7,10,2,2682.895971,3,0,6,0,格林卡,19,6,13,14,7,8,3,12,5,6,7,4
2008051903,7,10,3,2683.230111,3,0,6,0,王皓,6,11,14,9,8,7,12,7,6,9,4,3
2008051903,7,10,4,2684.258497,3,0,6,0,格林卡,11,26,9,26,7,14,7,14,9,2,3,12
2008051903,7,11,1,2684.258497,3,0,7,0,格林卡,1,6,1,14,1,12,1,4,5,6,7,4
2008051903,7,11,2,2705.212311,3,0,7,0,王皓,6,13,14,3,12,7,4,7,6,5,4,3
2008051903,7,11,3,2705.594059,3,0,7,0,格林卡,13,22,3,4,7,8,7,6,5,6,3,4
2008051903,7,11,4,2705.797431,3,0,7,0,王皓,22,21,4,3,8,7,6,5,6,5,4,3
2008051903,7,11,5,2705.594336,3,0,7,0,格林卡,21,16,3,4,7,10,5,6,5,10,3,4
2008051903,7,11,6,2706.466968,3,0,7,0,王皓,16,25,4,25,10,13,6,13,10,1,4,11
2008051903,7,12,1,2707.175299,4,0,7,0,格林卡,1,12,1,14,1,6,1,4,5,6,7,8
2008051903,7,12,2,2718.979769,4,0,7,0,王皓,12,7,14,3,6,5,4,7,6,5,8,3
2008051903,7,12,3,2719.598422,4,0,7,0,格林卡,7,16,3,16,5,6,7,10,5,6,3,4
2008051903,7,12,4,2720.132377,4,0,7,0,王皓,16,21,16,3,6,9,10,7,6,9,4,3
2008051903,7,12,5,2720.543773,4,0,7,0,格林卡,21,26,3,26,9,14,7,14,9,2,3,12
2008051903,7,13,1,2721.109034,4,0,8,0,王皓,2,19,2,13,2,7,2,3,6,5,8,7
2008051903,7,13,2,2742.936801,4,0,8,0,格林卡,19,8,13,4,7,6,3,8,5,6,7,4
2008051903,7,13,3,2743.467855,4,0,8,0,王皓,8,9,4,15,6,5,8,9,6,5,4,3
2008051903,7,13,4,2743.822104,4,0,8,0,格林卡,9,16,15,8,5,6,9,8,5,4,3,4
2008051903,7,13,5,2743.822104,4,0,8,0,王皓,16,9,8,26,6,14,8,14,4,9,4,12
2008051903,7,13,6,2743.822104,4,0,8,0,格林卡,9,26,26,0,14,0,14,0,9,0,12,0
2008051903,7,14,1,2743.822104,4,0,9,0,王皓,2,13,2,9,2,11,2,3,6,5,8,3
2008051903,7,14,2,2760.317798,4,0,9,0,格林卡,13,10,9,4,11,6,3,6,5,6,3,4
2008051903,7,14,3,2760.661912,4,0,9,0,王皓,10,15,4,15,6,7,6,9,6,5,4,3
2008051903,7,14,4,2761.180585,4,0,9,0,格林卡,15,22,15,4,7,8,9,8,5,6,3,4
2008051903,7,14,5,2761.316653,4,0,9,0,王皓,22,15,4,3,8,7,8,5,6,5,4,3
2008051903,7,14,6,2762.353714,4,0,9,0,格林卡,15,10,3,4,7,6,5,6,5,4,3,4
2008051903,7,14,7,2762.918816,4,0,9,0,王皓,10,15,4,3,6,7,6,5,4,9,4,3
2008051903,7,14,8,2763.259667,4,0,9,0,格林卡,15,26,3,26,7,14,5,14,9,2,3,12
2008051903,7,15,1,2763.259667,4,0,10,0,格林卡,1,6,1,14,1,6,1,4,5,6,7,4
2008051903,7,15,2,2771.963519,4,0,10,0,王皓,6,13,14,3,6,9,4,7,6,5,4,3
2008051903,7,15,3,2772.710805,4,0,10,0,格林卡,13,22,3,16,9,8,7,10,5,6,3,4
2008051903,7,15,4,2773.632438,4,0,10,0,王皓,22,21,16,3,8,7,10,7,6,3,4,3
2008051903,7,15,5,2773.632438,4,0,10,0,格林卡,21,16,3,16,7,8,7,10,3,6,3,4
2008051903,7,15,6,2774.079649,4,0,10,0,王皓,16,21,16,26,8,14,10,14,6,9,4,12
2008051903,7,15,7,2775.929338,4,0,10,0,格林卡,21,26,26,0,14,0,14,0,9,0,12,0
2008051903,8,0,0,0.000000,4,0,11,0,,0,0,0,0,0,0,0,0,0,0,0,0
